epoch,time,train/box_loss,train/seg_loss,train/cls_loss,train/dfl_loss,train/sem_loss,metrics/precision(B),metrics/recall(B),metrics/mAP50(B),metrics/mAP50-95(B),metrics/precision(M),metrics/recall(M),metrics/mAP50(M),metrics/mAP50-95(M),val/box_loss,val/seg_loss,val/cls_loss,val/dfl_loss,val/sem_loss,lr/pg0,lr/pg1,lr/pg2,lr/pg3,lr/pg4,lr/pg5,lr/pg6,lr/pg7
1,1401.47,2.80917,3.70543,10.2262,0.05621,4.88422,0.68389,0.15005,0.13002,0.0851,0.684,0.15027,0.13003,0.09867,1.2525,1.51997,2.09746,0.03551,0,0.00999498,0.00333166,0.00999498,0.00333166,0.00999498,0.00333166,0.00999498,0.00333166
2,2531,1.48191,2.13252,3.45999,0.02734,2.31349,0.43364,0.269,0.27544,0.1842,0.4342,0.26964,0.27391,0.20629,1.18019,1.22801,1.20085,0.03249,0,0.0199938,0.00666459,0.0199938,0.00666459,0.0199938,0.00666459,0.0199938,0.00666459
3,3557.22,1.37489,1.9716,2.02671,0.02523,1.84591,0.27961,0.43132,0.39213,0.25886,0.28039,0.42594,0.38782,0.26377,0.95753,1.22072,0.98251,0.02604,0,0.0299877,0.00999589,0.0299877,0.00999589,0.0299877,0.00999589,0.0299877,0.00999589
4,4550.5,1.30219,1.88276,1.72165,0.02367,1.75805,0.36353,0.44753,0.38639,0.26773,0.36476,0.44946,0.38763,0.27427,0.86722,1.11024,0.91724,0.02375,0,0.0299835,0.0099945,0.0299835,0.0099945,0.0299835,0.0099945,0.0299835,0.0099945
5,7020.75,1.22296,1.80959,1.59538,0.02204,1.69255,0.41445,0.48802,0.48549,0.34282,0.4146,0.48824,0.48503,0.34204,0.8028,1.09161,0.83039,0.02182,0,0.0299707,0.00999023,0.0299707,0.00999023,0.0299707,0.00999023,0.0299707,0.00999023
6,9740.54,1.1751,1.7618,1.53165,0.02115,1.64377,0.4173,0.5508,0.50444,0.36343,0.41536,0.55207,0.50396,0.36262,0.75838,1.04991,0.77596,0.0203,0,0.0299542,0.00998474,0.0299542,0.00998474,0.0299542,0.00998474,0.0299542,0.00998474
7,12606,1.15164,1.73229,1.47312,0.0206,1.56397,0.55116,0.51593,0.52272,0.37492,0.55116,0.51593,0.52188,0.3808,0.75269,1.06386,0.75553,0.02033,0,0.0299341,0.00997803,0.0299341,0.00997803,0.0299341,0.00997803,0.0299341,0.00997803
8,15333.1,1.12345,1.69167,1.43245,0.02002,1.52947,0.59616,0.54028,0.58688,0.40124,0.5987,0.53621,0.57951,0.40064,0.71003,1.0001,0.70468,0.01892,0,0.0299103,0.00997011,0.0299103,0.00997011,0.0299103,0.00997011,0.0299103,0.00997011
9,18187.7,1.10791,1.67599,1.39339,0.0197,1.4721,0.5965,0.57493,0.59499,0.41488,0.60192,0.57944,0.59855,0.41001,0.70483,0.9878,0.71211,0.01893,0,0.0298829,0.00996097,0.0298829,0.00996097,0.0298829,0.00996097,0.0298829,0.00996097
10,20919,1.08732,1.65236,1.36815,0.01933,1.4543,0.59107,0.65501,0.65961,0.47314,0.63809,0.61565,0.66033,0.46452,0.68013,0.99585,0.6602,0.01799,0,0.0298519,0.00995062,0.0298519,0.00995062,0.0298519,0.00995062,0.0298519,0.00995062
11,23775.7,1.08066,1.6365,1.34882,0.01913,1.42029,0.62219,0.63378,0.65639,0.47689,0.61999,0.63119,0.65,0.46676,0.67857,0.96394,0.65372,0.01793,0,0.0298172,0.00993906,0.0298172,0.00993906,0.0298172,0.00993906,0.0298172,0.00993906
12,26502.9,1.07341,1.62982,1.32857,0.01898,1.36849,0.62667,0.65973,0.68055,0.49078,0.62158,0.65434,0.66929,0.4858,0.65933,0.94756,0.62591,0.01741,0,0.0297789,0.00992629,0.0297789,0.00992629,0.0297789,0.00992629,0.0297789,0.00992629
13,29325.7,1.06468,1.61515,1.31266,0.01886,1.361,0.71386,0.551,0.68102,0.5045,0.71405,0.55121,0.68064,0.49475,0.63125,0.93314,0.6039,0.01652,0,0.029737,0.00991232,0.029737,0.00991232,0.029737,0.00991232,0.029737,0.00991232
14,32183.1,1.04856,1.60395,1.29218,0.01843,1.32479,0.60952,0.66934,0.69456,0.50945,0.60637,0.66733,0.68447,0.49592,0.63776,0.93913,0.60896,0.01674,0,0.0296915,0.00989715,0.0296915,0.00989715,0.0296915,0.00989715,0.0296915,0.00989715
15,34904.1,1.05219,1.61114,1.28571,0.01853,1.31887,0.69134,0.70266,0.72581,0.52726,0.69134,0.70266,0.72546,0.51874,0.62802,0.93047,0.58783,0.01648,0,0.0296424,0.00988079,0.0296424,0.00988079,0.0296424,0.00988079,0.0296424,0.00988079
16,37763.3,1.03819,1.58188,1.26573,0.01823,1.28053,0.63502,0.72849,0.7348,0.54301,0.63219,0.72736,0.73214,0.52654,0.62241,0.92849,0.57868,0.01638,0,0.0295897,0.00986323,0.0295897,0.00986323,0.0295897,0.00986323,0.0295897,0.00986323
17,40487.1,1.03821,1.58172,1.25225,0.01827,1.26938,0.65666,0.7439,0.75786,0.55965,0.65305,0.74127,0.75285,0.5434,0.63543,0.91767,0.5812,0.01683,0,0.0295335,0.00984449,0.0295335,0.00984449,0.0295335,0.00984449,0.0295335,0.00984449
18,43340.6,1.02755,1.56728,1.23367,0.01814,1.24564,0.74797,0.66601,0.75888,0.57697,0.74779,0.6658,0.75903,0.54963,0.61718,0.91826,0.57892,0.0161,0,0.0294737,0.00982456,0.0294737,0.00982456,0.0294737,0.00982456,0.0294737,0.00982456
19,46063,1.02403,1.56449,1.216,0.01795,1.22189,0.7134,0.66235,0.75838,0.56065,0.63426,0.71657,0.74527,0.55268,0.6236,0.91527,0.57153,0.01638,0,0.0294104,0.00980345,0.0294104,0.00980345,0.0294104,0.00980345,0.0294104,0.00980345
20,47804.6,1.0223,1.56366,1.21756,0.01796,1.20516,0.70756,0.67918,0.75813,0.56736,0.70774,0.67939,0.75819,0.55492,0.6145,0.9147,0.56231,0.01608,0,0.0293435,0.00978118,0.0293435,0.00978118,0.0293435,0.00978118,0.0293435,0.00978118
21,48802.1,1.01858,1.55066,1.20668,0.01775,1.18933,0.73776,0.67757,0.77467,0.57486,0.73623,0.67605,0.77116,0.56582,0.60734,0.92073,0.54448,0.01582,0,0.0292732,0.00975773,0.0292732,0.00975773,0.0292732,0.00975773,0.0292732,0.00975773
22,49796.6,1.01316,1.54284,1.18911,0.01765,1.17911,0.6704,0.72701,0.76669,0.57282,0.6728,0.72052,0.76513,0.55719,0.60509,0.91813,0.54805,0.01574,0,0.0291994,0.00973312,0.0291994,0.00973312,0.0291994,0.00973312,0.0291994,0.00973312
23,50789.4,1.00879,1.53848,1.18172,0.01765,1.16471,0.6686,0.7726,0.77671,0.59025,0.67091,0.7754,0.77881,0.57587,0.60016,0.90017,0.54921,0.01558,0,0.0291221,0.00970736,0.0291221,0.00970736,0.0291221,0.00970736,0.0291221,0.00970736
24,51785.7,1.00388,1.53731,1.17388,0.01742,1.15558,0.68574,0.76079,0.78359,0.59415,0.68965,0.76187,0.78539,0.57332,0.59817,0.89368,0.55455,0.01554,0,0.0290413,0.00968045,0.0290413,0.00968045,0.0290413,0.00968045,0.0290413,0.00968045
25,52780.6,1.00757,1.53914,1.16997,0.01757,1.14973,0.67765,0.74898,0.78017,0.58867,0.67926,0.75068,0.78178,0.57247,0.59149,0.89624,0.53788,0.01531,0,0.0289572,0.00965239,0.0289572,0.00965239,0.0289572,0.00965239,0.0289572,0.00965239
26,53775.7,0.99814,1.52496,1.14634,0.01735,1.11597,0.67406,0.78514,0.79106,0.59879,0.6749,0.78475,0.79036,0.57927,0.58734,0.89072,0.5452,0.01517,0,0.0288696,0.0096232,0.0288696,0.0096232,0.0288696,0.0096232,0.0288696,0.0096232
27,55992.4,0.99674,1.52186,1.14468,0.01737,1.1142,0.73012,0.7366,0.79677,0.60533,0.73029,0.73682,0.7961,0.58527,0.5858,0.88968,0.53239,0.01515,0,0.0287787,0.00959289,0.0287787,0.00959289,0.0287787,0.00959289,0.0287787,0.00959289
28,57129.7,0.99702,1.52784,1.14019,0.01734,1.09602,0.7377,0.73904,0.80096,0.60808,0.73889,0.73841,0.80017,0.58718,0.58628,0.89144,0.52861,0.01516,0,0.0286843,0.00956145,0.0286843,0.00956145,0.0286843,0.00956145,0.0286843,0.00956145
29,58130.8,0.99375,1.51238,1.12983,0.01729,1.09498,0.6913,0.79098,0.80553,0.61767,0.69158,0.78959,0.80478,0.59118,0.5875,0.88783,0.52093,0.01517,0,0.0285867,0.00952889,0.0285867,0.00952889,0.0285867,0.00952889,0.0285867,0.00952889
30,59131.3,0.9887,1.51695,1.12298,0.0172,1.07215,0.70341,0.79614,0.80786,0.6207,0.70358,0.79635,0.80714,0.59486,0.58504,0.88853,0.51676,0.01509,0,0.0284857,0.00949524,0.0284857,0.00949524,0.0284857,0.00949524,0.0284857,0.00949524
31,60130.2,0.99229,1.51428,1.12321,0.01737,1.07135,0.70551,0.7783,0.80737,0.61916,0.7068,0.77761,0.80553,0.59951,0.58516,0.88998,0.51483,0.01509,0,0.0283814,0.00946048,0.0283814,0.00946048,0.0283814,0.00946048,0.0283814,0.00946048
32,61814.3,0.98832,1.50634,1.10842,0.01719,1.04941,0.72607,0.77757,0.80883,0.61904,0.72624,0.77778,0.80314,0.59723,0.5823,0.8878,0.51891,0.01502,0,0.0282739,0.00942464,0.0282739,0.00942464,0.0282739,0.00942464,0.0282739,0.00942464
33,64075.3,0.98649,1.50462,1.10583,0.01717,1.05597,0.71378,0.78022,0.80183,0.6178,0.71394,0.78043,0.80111,0.59621,0.57944,0.88675,0.51948,0.01493,0,0.0281632,0.00938772,0.0281632,0.00938772,0.0281632,0.00938772,0.0281632,0.00938772
34,65150.8,0.98154,1.49904,1.1034,0.01702,1.04526,0.7791,0.71332,0.80716,0.62095,0.77928,0.71353,0.8044,0.59928,0.57834,0.88647,0.51727,0.01491,0,0.0280492,0.00934973,0.0280492,0.00934973,0.0280492,0.00934973,0.0280492,0.00934973
35,66146.1,0.98177,1.49272,1.08815,0.01701,1.03486,0.73479,0.74505,0.81186,0.6191,0.73496,0.74526,0.80565,0.59739,0.57915,0.88876,0.50958,0.01491,0,0.027932,0.00931067,0.027932,0.00931067,0.027932,0.00931067,0.027932,0.00931067
36,67140.2,0.97944,1.49919,1.08422,0.01706,1.0252,0.77411,0.72101,0.81553,0.6199,0.77565,0.72254,0.81074,0.59996,0.57718,0.88329,0.51147,0.01487,0,0.0278117,0.00927057,0.0278117,0.00927057,0.0278117,0.00927057,0.0278117,0.00927057
37,68429.8,0.97771,1.49152,1.07292,0.01695,1.01538,0.7756,0.71642,0.81162,0.62145,0.77963,0.71664,0.81078,0.59974,0.57667,0.88613,0.51308,0.01486,0,0.0276883,0.00922942,0.0276883,0.00922942,0.0276883,0.00922942,0.0276883,0.00922942
38,69425.9,0.9781,1.48596,1.07571,0.01692,1.02274,0.78215,0.71807,0.81283,0.6204,0.78629,0.71954,0.81262,0.59923,0.57604,0.88646,0.51369,0.01484,0,0.0275617,0.00918725,0.0275617,0.00918725,0.0275617,0.00918725,0.0275617,0.00918725
39,70421.5,0.98195,1.48478,1.0638,0.01705,0.98718,0.78301,0.72369,0.81743,0.6253,0.7845,0.72522,0.81598,0.60153,0.57581,0.8873,0.50787,0.01482,0,0.0274321,0.00914405,0.0274321,0.00914405,0.0274321,0.00914405,0.0274321,0.00914405
40,71417.5,0.97478,1.48465,1.07133,0.01692,0.99863,0.78847,0.72656,0.82085,0.62707,0.78997,0.72809,0.81805,0.60573,0.57491,0.8873,0.50608,0.01479,0,0.0272995,0.00909984,0.0272995,0.00909984,0.0272995,0.00909984,0.0272995,0.00909984
41,73700.9,0.97164,1.47515,1.06637,0.0168,0.98488,0.77735,0.73275,0.82058,0.62836,0.78027,0.73422,0.81697,0.60614,0.57677,0.88834,0.50592,0.01483,0,0.0271639,0.00905463,0.0271639,0.00905463,0.0271639,0.00905463,0.0271639,0.00905463
42,76208.2,0.97237,1.47934,1.05198,0.01682,0.96982,0.76487,0.7457,0.82119,0.62941,0.77697,0.73708,0.81955,0.60693,0.57624,0.8882,0.5038,0.01481,0,0.0270253,0.00900844,0.0270253,0.00900844,0.0270253,0.00900844,0.0270253,0.00900844
43,77206.6,0.9665,1.47649,1.04746,0.01665,0.96348,0.7644,0.74613,0.82105,0.63362,0.76632,0.74752,0.82071,0.60951,0.57503,0.8866,0.50594,0.01477,0,0.0268838,0.00896127,0.0268838,0.00896127,0.0268838,0.00896127,0.0268838,0.00896127
44,78205.1,0.97134,1.47318,1.0423,0.01679,0.94704,0.76973,0.74882,0.8197,0.63293,0.77109,0.75034,0.82009,0.61038,0.57494,0.88641,0.50194,0.01476,0,0.0267394,0.00891313,0.0267394,0.00891313,0.0267394,0.00891313,0.0267394,0.00891313
45,79203.8,0.96511,1.46819,1.03827,0.01673,0.94727,0.76079,0.75594,0.81718,0.62827,0.76213,0.75747,0.81758,0.61072,0.57426,0.88655,0.49958,0.01473,0,0.0265921,0.00886404,0.0265921,0.00886404,0.0265921,0.00886404,0.0265921,0.00886404
46,80200,0.96499,1.47081,1.04303,0.01662,0.95756,0.73443,0.76828,0.81698,0.63077,0.73571,0.7698,0.81738,0.61154,0.57444,0.88626,0.50634,0.01474,0,0.026442,0.00881401,0.026442,0.00881401,0.026442,0.00881401,0.026442,0.00881401
47,81197.3,0.97202,1.47091,1.04275,0.0168,0.94025,0.7808,0.76437,0.82054,0.63087,0.78215,0.76525,0.82091,0.61501,0.57755,0.8873,0.50085,0.01483,0,0.0262891,0.00876305,0.0262891,0.00876305,0.0262891,0.00876305,0.0262891,0.00876305
48,82195.1,0.96437,1.46359,1.02775,0.01673,0.93202,0.7764,0.76151,0.81622,0.6302,0.77776,0.76303,0.81667,0.61055,0.57814,0.88718,0.50338,0.01484,0,0.0261335,0.00871117,0.0261335,0.00871117,0.0261335,0.00871117,0.0261335,0.00871117
49,83193.3,0.96229,1.46925,1.01897,0.0166,0.92109,0.77378,0.75316,0.81719,0.63179,0.77516,0.75469,0.81754,0.61315,0.57702,0.88708,0.50525,0.01482,0,0.0259752,0.00865839,0.0259752,0.00865839,0.0259752,0.00865839,0.0259752,0.00865839
50,84191.9,0.9587,1.45863,1.01193,0.01652,0.91874,0.76481,0.77177,0.81938,0.63321,0.7661,0.7733,0.8197,0.61457,0.57775,0.88681,0.50446,0.01485,0,0.0258142,0.00860473,0.0258142,0.00860473,0.0258142,0.00860473,0.0258142,0.00860473
51,85189.6,0.96129,1.45428,1.00766,0.01656,0.91566,0.76433,0.77536,0.82027,0.63138,0.76559,0.77688,0.82065,0.6162,0.57733,0.88755,0.50201,0.01483,0,0.0256505,0.00855018,0.0256505,0.00855018,0.0256505,0.00855018,0.0256505,0.00855018
52,86187.3,0.95822,1.44961,0.9992,0.01652,0.90131,0.76208,0.78032,0.82072,0.63056,0.76226,0.78053,0.82,0.61518,0.57753,0.8876,0.49942,0.01486,0,0.0254843,0.00849477,0.0254843,0.00849477,0.0254843,0.00849477,0.0254843,0.00849477
53,87183.6,0.95871,1.45151,1.00157,0.01649,0.90047,0.76592,0.78234,0.82159,0.63025,0.76609,0.78255,0.82081,0.61556,0.57649,0.88767,0.50477,0.01483,0,0.0253155,0.00843851,0.0253155,0.00843851,0.0253155,0.00843851,0.0253155,0.00843851
54,88179.7,0.95432,1.45413,0.99313,0.01643,0.89599,0.77244,0.77266,0.81956,0.62891,0.77262,0.77288,0.81886,0.61554,0.57511,0.88989,0.50041,0.0148,0,0.0251442,0.00838141,0.0251442,0.00838141,0.0251442,0.00838141,0.0251442,0.00838141
55,89450.8,0.95022,1.44977,0.98587,0.01633,0.88183,0.78493,0.75615,0.81848,0.629,0.78511,0.75636,0.81775,0.61555,0.57398,0.89011,0.5017,0.01477,0,0.0249705,0.00832349,0.0249705,0.00832349,0.0249705,0.00832349,0.0249705,0.00832349
56,90447.3,0.95,1.44824,0.993,0.01644,0.88485,0.77106,0.77883,0.82012,0.63033,0.77123,0.77905,0.81938,0.61685,0.57271,0.88948,0.50093,0.01472,0,0.0247943,0.00826477,0.0247943,0.00826477,0.0247943,0.00826477,0.0247943,0.00826477
57,91442.4,0.94912,1.4452,0.9847,0.01637,0.88299,0.77846,0.77116,0.8206,0.63192,0.77863,0.77138,0.81987,0.61776,0.57436,0.88935,0.49752,0.01476,0,0.0246157,0.00820525,0.0246157,0.00820525,0.0246157,0.00820525,0.0246157,0.00820525
58,92436.6,0.9496,1.44346,0.98531,0.01632,0.88146,0.78734,0.77732,0.8257,0.63414,0.78751,0.77753,0.82498,0.62046,0.57452,0.8897,0.49336,0.01477,0,0.0244349,0.00814495,0.0244349,0.00814495,0.0244349,0.00814495,0.0244349,0.00814495
59,93429.8,0.94923,1.43742,0.97963,0.01634,0.86297,0.78645,0.77925,0.824,0.63388,0.78662,0.77947,0.82326,0.62052,0.57467,0.88972,0.49472,0.01476,0,0.0242517,0.00808389,0.0242517,0.00808389,0.0242517,0.00808389,0.0242517,0.00808389
60,94423.1,0.94393,1.43545,0.97089,0.01621,0.85551,0.78349,0.77516,0.82456,0.63478,0.78366,0.77537,0.82389,0.62039,0.57452,0.8898,0.49669,0.01475,0,0.0240662,0.00802208,0.0240662,0.00802208,0.0240662,0.00802208,0.0240662,0.00802208
61,95417.2,0.94656,1.44093,0.97942,0.01624,0.86166,0.79384,0.77309,0.82704,0.63584,0.79401,0.7733,0.82624,0.62116,0.57395,0.88953,0.49647,0.01473,0,0.0238786,0.00795954,0.0238786,0.00795954,0.0238786,0.00795954,0.0238786,0.00795954
62,96411.3,0.94627,1.44269,0.9679,0.01618,0.84279,0.79462,0.77316,0.82814,0.63817,0.79479,0.77337,0.82734,0.62261,0.57458,0.88946,0.49553,0.01474,0,0.0236888,0.00789628,0.0236888,0.00789628,0.0236888,0.00789628,0.0236888,0.00789628
63,97406,0.94162,1.43918,0.96776,0.01621,0.84732,0.79517,0.77625,0.82928,0.63886,0.79534,0.77646,0.82849,0.62603,0.57384,0.88884,0.49666,0.01472,0,0.0234969,0.00783231,0.0234969,0.00783231,0.0234969,0.00783231,0.0234969,0.00783231
64,98400.7,0.93949,1.43447,0.95186,0.01618,0.8274,0.79655,0.77389,0.83207,0.6462,0.79672,0.7741,0.83125,0.62809,0.57344,0.88838,0.48992,0.01472,0,0.023303,0.00776766,0.023303,0.00776766,0.023303,0.00776766,0.023303,0.00776766
65,99396.5,0.93644,1.42728,0.95866,0.01608,0.83316,0.78705,0.77984,0.83118,0.64665,0.78722,0.78005,0.8304,0.62917,0.57318,0.8878,0.4905,0.0147,0,0.023107,0.00770234,0.023107,0.00770234,0.023107,0.00770234,0.023107,0.00770234
66,100390,0.93451,1.42526,0.94747,0.016,0.81991,0.78718,0.77744,0.83009,0.64484,0.78736,0.77765,0.82928,0.62815,0.57078,0.88681,0.49522,0.01461,0,0.0229091,0.00763637,0.0229091,0.00763637,0.0229091,0.00763637,0.0229091,0.00763637
67,101384,0.93703,1.41857,0.94106,0.01604,0.81927,0.80725,0.76554,0.83212,0.64578,0.80743,0.76575,0.83134,0.629,0.57001,0.88647,0.49385,0.0146,0,0.0227093,0.00756976,0.0227093,0.00756976,0.0227093,0.00756976,0.0227093,0.00756976
68,102381,0.93275,1.41796,0.93681,0.01604,0.80527,0.80184,0.76905,0.83366,0.64635,0.80201,0.76926,0.8329,0.62992,0.56887,0.88604,0.4932,0.01458,0,0.0225076,0.00750252,0.0225076,0.00750252,0.0225076,0.00750252,0.0225076,0.00750252
69,103378,0.93352,1.42184,0.94635,0.016,0.81186,0.77998,0.77776,0.8325,0.6463,0.78015,0.77797,0.83167,0.63034,0.56568,0.88512,0.49631,0.01449,0,0.022304,0.00743468,0.022304,0.00743468,0.022304,0.00743468,0.022304,0.00743468
70,104374,0.93553,1.42601,0.93935,0.01604,0.81116,0.79831,0.76866,0.83767,0.65017,0.79849,0.76888,0.83683,0.63469,0.56374,0.88439,0.49625,0.01444,0,0.0220988,0.00736625,0.0220988,0.00736625,0.0220988,0.00736625,0.0220988,0.00736625
71,105367,0.93183,1.41312,0.92461,0.01594,0.79352,0.80088,0.76606,0.83784,0.64564,0.80106,0.76627,0.83702,0.63515,0.56468,0.88464,0.49105,0.01445,0,0.0218918,0.00729725,0.0218918,0.00729725,0.0218918,0.00729725,0.0218918,0.00729725
72,106362,0.92897,1.41528,0.92662,0.01584,0.78493,0.77425,0.787,0.83424,0.64758,0.77685,0.79002,0.83552,0.6347,0.56316,0.88366,0.49599,0.0144,0,0.0216831,0.0072277,0.0216831,0.0072277,0.0216831,0.0072277,0.0216831,0.0072277
73,107358,0.93026,1.41114,0.92347,0.01591,0.78335,0.78194,0.76992,0.83506,0.6501,0.78461,0.77293,0.83665,0.63609,0.56299,0.88329,0.4952,0.01438,0,0.0214728,0.00715761,0.0214728,0.00715761,0.0214728,0.00715761,0.0214728,0.00715761
74,108353,0.91993,1.40077,0.91583,0.01573,0.77445,0.78246,0.76402,0.83654,0.65137,0.78624,0.76364,0.83814,0.63754,0.56248,0.88389,0.49235,0.01436,0,0.021261,0.007087,0.021261,0.007087,0.021261,0.007087,0.021261,0.007087
75,109347,0.92904,1.4175,0.9174,0.01596,0.76901,0.75948,0.78948,0.83606,0.6512,0.76202,0.7925,0.83739,0.63616,0.56238,0.88377,0.4903,0.01435,0,0.0210476,0.00701588,0.0210476,0.00701588,0.0210476,0.00701588,0.0210476,0.00701588
76,110342,0.92329,1.41173,0.9175,0.01577,0.77773,0.77169,0.77989,0.83577,0.65233,0.77424,0.7829,0.83714,0.63641,0.56191,0.8837,0.49172,0.01434,0,0.0208328,0.00694428,0.0208328,0.00694428,0.0208328,0.00694428,0.0208328,0.00694428
77,111338,0.92516,1.40527,0.91262,0.0158,0.77288,0.78277,0.7674,0.83676,0.65383,0.78533,0.77021,0.83814,0.63672,0.56186,0.88403,0.49131,0.01434,0,0.0206166,0.00687222,0.0206166,0.00687222,0.0206166,0.00687222,0.0206166,0.00687222
78,112331,0.91483,1.39784,0.89822,0.0156,0.74807,0.77051,0.78088,0.83473,0.65235,0.77272,0.78185,0.83627,0.63549,0.56129,0.88388,0.48772,0.01432,0,0.0203991,0.0067997,0.0203991,0.0067997,0.0203991,0.0067997,0.0203991,0.0067997
79,113328,0.91639,1.39978,0.90054,0.01565,0.75673,0.75591,0.78939,0.83503,0.65258,0.75849,0.79241,0.83652,0.63454,0.56101,0.88362,0.48718,0.01432,0,0.0201803,0.00672675,0.0201803,0.00672675,0.0201803,0.00672675,0.0201803,0.00672675
80,114324,0.91834,1.40452,0.90554,0.01573,0.76153,0.77216,0.78525,0.83805,0.65492,0.7748,0.78827,0.83959,0.63687,0.55988,0.88317,0.48605,0.01429,0,0.0199602,0.00665339,0.0199602,0.00665339,0.0199602,0.00665339,0.0199602,0.00665339
81,115320,0.91387,1.39213,0.8869,0.01562,0.73311,0.76967,0.78316,0.84066,0.65632,0.77227,0.78618,0.84217,0.63899,0.55872,0.8827,0.4881,0.01426,0,0.0197389,0.00657963,0.0197389,0.00657963,0.0197389,0.00657963,0.0197389,0.00657963
82,116315,0.91073,1.39034,0.89142,0.0155,0.74357,0.76252,0.7835,0.84194,0.65784,0.7652,0.78555,0.84337,0.64256,0.55777,0.88281,0.48751,0.01423,0,0.0195165,0.0065055,0.0195165,0.0065055,0.0195165,0.0065055,0.0195165,0.0065055
83,117310,0.91256,1.38812,0.88203,0.01559,0.73055,0.77536,0.78645,0.84561,0.66001,0.77554,0.78667,0.84451,0.64544,0.55628,0.88227,0.48376,0.01418,0,0.019293,0.00643101,0.019293,0.00643101,0.019293,0.00643101,0.019293,0.00643101
84,118303,0.91368,1.39609,0.89111,0.01551,0.7395,0.77134,0.78681,0.84597,0.66355,0.77151,0.78702,0.84474,0.64643,0.55507,0.88275,0.48156,0.01416,0,0.0190685,0.00635617,0.0190685,0.00635617,0.0190685,0.00635617,0.0190685,0.00635617
85,119298,0.90312,1.38738,0.87785,0.01532,0.72289,0.77753,0.78866,0.84593,0.66362,0.7777,0.78888,0.84453,0.64633,0.5537,0.88286,0.48049,0.01412,0,0.018843,0.00628101,0.018843,0.00628101,0.018843,0.00628101,0.018843,0.00628101
86,120292,0.90902,1.38336,0.8655,0.01544,0.71478,0.78883,0.7898,0.84975,0.66615,0.78901,0.79001,0.84821,0.64772,0.55247,0.88146,0.47784,0.01408,0,0.0186167,0.00620555,0.0186167,0.00620555,0.0186167,0.00620555,0.0186167,0.00620555
87,121285,0.90511,1.38037,0.87141,0.01533,0.71142,0.78724,0.78637,0.84904,0.66722,0.78741,0.78658,0.84744,0.64789,0.55255,0.88133,0.47561,0.01408,0,0.0183894,0.00612981,0.0183894,0.00612981,0.0183894,0.00612981,0.0183894,0.00612981
88,122282,0.90116,1.38158,0.86885,0.01531,0.71267,0.77582,0.78441,0.84892,0.66612,0.776,0.78463,0.84722,0.64529,0.55162,0.88115,0.47368,0.01405,0,0.0181614,0.0060538,0.0181614,0.0060538,0.0181614,0.0060538,0.0181614,0.0060538
89,123275,0.89946,1.37376,0.87317,0.01533,0.71304,0.77975,0.79728,0.85096,0.67042,0.77992,0.79749,0.84928,0.65106,0.54952,0.88075,0.47556,0.014,0,0.0179326,0.00597754,0.0179326,0.00597754,0.0179326,0.00597754,0.0179326,0.00597754
90,124271,0.8982,1.37293,0.85809,0.01523,0.69899,0.78033,0.7962,0.85093,0.66922,0.7805,0.79642,0.84902,0.65201,0.55025,0.88264,0.46995,0.01404,0,0.0177031,0.00590105,0.0177031,0.00590105,0.0177031,0.00590105,0.0177031,0.00590105
91,125265,0.89412,1.36517,0.85178,0.01518,0.69074,0.76912,0.79743,0.85018,0.66993,0.76929,0.79764,0.84829,0.64761,0.5491,0.88241,0.47143,0.01401,0,0.0174731,0.00582435,0.0174731,0.00582435,0.0174731,0.00582435,0.0174731,0.00582435
92,126259,0.89826,1.37151,0.84507,0.01533,0.68552,0.78235,0.80082,0.8493,0.67301,0.78269,0.80028,0.84753,0.64919,0.54863,0.88238,0.46748,0.014,0,0.0172424,0.00574746,0.0172424,0.00574746,0.0172424,0.00574746,0.0172424,0.00574746
93,127252,0.89508,1.36401,0.84459,0.01518,0.67991,0.7872,0.80193,0.849,0.6732,0.78737,0.80215,0.84728,0.6502,0.54839,0.8835,0.46301,0.014,0,0.0170112,0.0056704,0.0170112,0.0056704,0.0170112,0.0056704,0.0170112,0.0056704
94,128247,0.88681,1.35362,0.8464,0.01504,0.6831,0.77231,0.79993,0.84733,0.67105,0.77467,0.79952,0.84552,0.64472,0.54809,0.88343,0.46327,0.01399,0,0.0167796,0.00559318,0.0167796,0.00559318,0.0167796,0.00559318,0.0167796,0.00559318
95,129241,0.88867,1.36022,0.84578,0.01502,0.67456,0.78735,0.79027,0.84756,0.67157,0.78753,0.79048,0.84671,0.64684,0.54775,0.8835,0.46063,0.01398,0,0.0165475,0.00551584,0.0165475,0.00551584,0.0165475,0.00551584,0.0165475,0.00551584
96,130235,0.89113,1.37275,0.84808,0.01518,0.67631,0.81383,0.78383,0.84823,0.66916,0.81401,0.78404,0.84663,0.64721,0.54691,0.88362,0.46003,0.01396,0,0.0163151,0.00543837,0.0163151,0.00543837,0.0163151,0.00543837,0.0163151,0.00543837
97,131227,0.88363,1.3544,0.83072,0.01496,0.65964,0.8066,0.78729,0.85073,0.67196,0.80678,0.78751,0.84917,0.64876,0.54546,0.88332,0.46198,0.01389,0,0.0160824,0.00536081,0.0160824,0.00536081,0.0160824,0.00536081,0.0160824,0.00536081
98,132218,0.88464,1.35749,0.82919,0.01489,0.66026,0.80275,0.7928,0.85311,0.67547,0.80326,0.79295,0.85221,0.65025,0.54396,0.88328,0.46121,0.01385,0,0.0158495,0.00528318,0.0158495,0.00528318,0.0158495,0.00528318,0.0158495,0.00528318
99,133211,0.88492,1.35761,0.82671,0.01504,0.65896,0.80373,0.79619,0.85206,0.67487,0.80391,0.79641,0.85028,0.65012,0.54452,0.88357,0.46111,0.01387,0,0.0156164,0.00520548,0.0156164,0.00520548,0.0156164,0.00520548,0.0156164,0.00520548
100,134203,0.87945,1.3552,0.82449,0.01495,0.65377,0.79971,0.79977,0.849,0.67326,0.80154,0.79854,0.84734,0.64889,0.54466,0.88371,0.46413,0.01387,0,0.0153833,0.00512775,0.0153833,0.00512775,0.0153833,0.00512775,0.0153833,0.00512775
101,135197,0.87805,1.34703,0.81562,0.01489,0.63668,0.77735,0.80507,0.843,0.66937,0.78121,0.80178,0.84154,0.64539,0.54246,0.88359,0.46856,0.01382,0,0.01515,0.00505,0.01515,0.00505,0.01515,0.00505,0.01515,0.00505
102,136190,0.87443,1.34767,0.82292,0.01484,0.64334,0.77878,0.80567,0.84457,0.67076,0.78548,0.80032,0.84302,0.65094,0.54312,0.88321,0.4672,0.01384,0,0.0149167,0.00497225,0.0149167,0.00497225,0.0149167,0.00497225,0.0149167,0.00497225
103,137182,0.87372,1.34499,0.80649,0.0147,0.6305,0.78695,0.80369,0.84748,0.67311,0.78756,0.8038,0.84593,0.65008,0.54294,0.88268,0.46691,0.01385,0,0.0146836,0.00489452,0.0146836,0.00489452,0.0146836,0.00489452,0.0146836,0.00489452
104,138176,0.8735,1.33862,0.79946,0.01478,0.62983,0.78629,0.79931,0.84821,0.67142,0.79471,0.79243,0.84721,0.64982,0.5429,0.88219,0.47074,0.01385,0,0.0144505,0.00481682,0.0144505,0.00481682,0.0144505,0.00481682,0.0144505,0.00481682
105,139172,0.87362,1.34513,0.80958,0.01469,0.63571,0.77694,0.80782,0.84824,0.67208,0.7892,0.80135,0.84682,0.65037,0.54244,0.87997,0.46772,0.01383,0,0.0142176,0.00473919,0.0142176,0.00473919,0.0142176,0.00473919,0.0142176,0.00473919
106,140167,0.86535,1.32948,0.79318,0.01452,0.61447,0.78382,0.81462,0.84997,0.67322,0.78501,0.81373,0.84855,0.65147,0.54247,0.88022,0.46778,0.01385,0,0.0139849,0.00466163,0.0139849,0.00466163,0.0139849,0.00466163,0.0139849,0.00466163
107,141160,0.87151,1.33839,0.79816,0.01469,0.61682,0.7791,0.81733,0.84959,0.67374,0.78114,0.81687,0.84838,0.65116,0.54193,0.88038,0.46879,0.01383,0,0.0137525,0.00458416,0.0137525,0.00458416,0.0137525,0.00458416,0.0137525,0.00458416
108,142154,0.86737,1.33541,0.78758,0.01461,0.60826,0.77827,0.82286,0.85002,0.67418,0.77823,0.82177,0.84888,0.65098,0.54219,0.87989,0.46923,0.01383,0,0.0135204,0.00450682,0.0135204,0.00450682,0.0135204,0.00450682,0.0135204,0.00450682
109,143153,0.85945,1.32084,0.7793,0.01452,0.60288,0.77075,0.81524,0.84964,0.67143,0.77145,0.8152,0.84854,0.64988,0.54269,0.8815,0.46853,0.01386,0,0.0132888,0.0044296,0.0132888,0.0044296,0.0132888,0.0044296,0.0132888,0.0044296
110,144144,0.85964,1.33191,0.78558,0.01445,0.5975,0.78231,0.8169,0.85219,0.67597,0.7825,0.81676,0.85107,0.65267,0.54284,0.88167,0.46743,0.01386,0,0.0130576,0.00435254,0.0130576,0.00435254,0.0130576,0.00435254,0.0130576,0.00435254
111,145136,0.8598,1.31732,0.77515,0.0145,0.59374,0.77349,0.822,0.85139,0.67527,0.77403,0.82196,0.85033,0.65133,0.5436,0.8823,0.46721,0.01386,0,0.0128269,0.00427565,0.0128269,0.00427565,0.0128269,0.00427565,0.0128269,0.00427565
112,146133,0.86312,1.32328,0.77739,0.01453,0.59133,0.77499,0.8219,0.85428,0.67745,0.77657,0.81964,0.85298,0.65332,0.54314,0.87714,0.46895,0.01384,0,0.0125969,0.00419895,0.0125969,0.00419895,0.0125969,0.00419895,0.0125969,0.00419895
113,147129,0.85337,1.30998,0.76618,0.01432,0.58437,0.7745,0.81447,0.85512,0.67927,0.77461,0.81384,0.85368,0.65356,0.54292,0.87696,0.46993,0.01383,0,0.0123674,0.00412246,0.0123674,0.00412246,0.0123674,0.00412246,0.0123674,0.00412246
114,148126,0.85487,1.31807,0.76853,0.01439,0.5713,0.77459,0.81433,0.85513,0.67989,0.77513,0.81242,0.85378,0.65487,0.54299,0.87713,0.47044,0.01383,0,0.0121386,0.0040462,0.0121386,0.0040462,0.0121386,0.0040462,0.0121386,0.0040462
115,149120,0.84438,1.30783,0.75628,0.01421,0.57,0.77447,0.81694,0.85777,0.68126,0.77599,0.81596,0.85621,0.65665,0.54343,0.87696,0.4694,0.01384,0,0.0119106,0.00397019,0.0119106,0.00397019,0.0119106,0.00397019,0.0119106,0.00397019
116,150116,0.8528,1.30919,0.75405,0.01436,0.56148,0.78005,0.81276,0.85925,0.68152,0.78008,0.81135,0.85764,0.65706,0.54418,0.87686,0.46901,0.01387,0,0.0116833,0.00389445,0.0116833,0.00389445,0.0116833,0.00389445,0.0116833,0.00389445
117,151112,0.84809,1.31087,0.76261,0.01421,0.57051,0.82253,0.77959,0.85973,0.6817,0.82253,0.77959,0.85818,0.65872,0.54329,0.87701,0.46936,0.01384,0,0.011457,0.00381899,0.011457,0.00381899,0.011457,0.00381899,0.011457,0.00381899
118,152112,0.84545,1.31256,0.75781,0.01415,0.56191,0.82709,0.77885,0.85993,0.68281,0.82709,0.77885,0.85859,0.65934,0.54195,0.87528,0.47199,0.0138,0,0.0112315,0.00374383,0.0112315,0.00374383,0.0112315,0.00374383,0.0112315,0.00374383
119,153114,0.84383,1.3059,0.74945,0.01408,0.55955,0.83149,0.77848,0.86321,0.68508,0.83149,0.77848,0.86215,0.66229,0.54015,0.87562,0.47212,0.01376,0,0.011007,0.00366899,0.011007,0.00366899,0.011007,0.00366899,0.011007,0.00366899
120,154104,0.83838,1.29605,0.7371,0.01404,0.55074,0.77902,0.81936,0.86416,0.68583,0.83549,0.77782,0.86319,0.66343,0.54013,0.87547,0.47035,0.01375,0,0.0107835,0.0035945,0.0107835,0.0035945,0.0107835,0.0035945,0.0107835,0.0035945
121,155098,0.83985,1.29367,0.73781,0.01406,0.55048,0.82982,0.77815,0.86156,0.68305,0.82837,0.77684,0.85907,0.6613,0.53982,0.87563,0.46899,0.01374,0,0.0105611,0.00352037,0.0105611,0.00352037,0.0105611,0.00352037,0.0105611,0.00352037
122,156093,0.83669,1.29195,0.73865,0.014,0.54631,0.84005,0.77462,0.86172,0.68188,0.8386,0.77331,0.85924,0.66064,0.53934,0.8773,0.46713,0.01375,0,0.0103398,0.00344661,0.0103398,0.00344661,0.0103398,0.00344661,0.0103398,0.00344661
123,157800,0.83038,1.28031,0.7288,0.01381,0.53784,0.8138,0.77913,0.86003,0.68176,0.8138,0.77913,0.8591,0.65934,0.54,0.87788,0.46881,0.01377,0,0.0101197,0.00337325,0.0101197,0.00337325,0.0101197,0.00337325,0.0101197,0.00337325
124,160122,0.82888,1.28445,0.7265,0.0139,0.52946,0.81093,0.78599,0.86138,0.68367,0.81093,0.78599,0.86048,0.66078,0.53993,0.87835,0.47132,0.01377,0,0.0099009,0.0033003,0.0099009,0.0033003,0.0099009,0.0033003,0.0099009,0.0033003
125,161123,0.82746,1.27753,0.72135,0.01381,0.52418,0.81243,0.77428,0.85996,0.67984,0.81243,0.77428,0.85902,0.66046,0.53972,0.87919,0.47183,0.01377,0,0.00968335,0.00322778,0.00968335,0.00322778,0.00968335,0.00322778,0.00968335,0.00322778
126,162122,0.82539,1.28041,0.71996,0.01383,0.51971,0.81311,0.77595,0.85982,0.68035,0.81311,0.77595,0.8589,0.65968,0.54036,0.88006,0.47013,0.01377,0,0.00946715,0.00315572,0.00946715,0.00315572,0.00946715,0.00315572,0.00946715,0.00315572
127,163122,0.82175,1.27315,0.7106,0.01369,0.50808,0.84724,0.7672,0.86208,0.68291,0.84724,0.7672,0.86119,0.66296,0.53871,0.88083,0.47201,0.0137,0,0.00925235,0.00308412,0.00925235,0.00308412,0.00925235,0.00308412,0.00925235,0.00308412
128,164118,0.82178,1.2745,0.71158,0.01364,0.51472,0.84028,0.77163,0.86003,0.68293,0.84028,0.77163,0.85918,0.66407,0.53783,0.88055,0.47862,0.01369,0,0.00903901,0.003013,0.00903901,0.003013,0.00903901,0.003013,0.00903901,0.003013
129,165115,0.81866,1.26929,0.70928,0.01362,0.50609,0.84066,0.77411,0.8604,0.68193,0.84066,0.77411,0.85949,0.66412,0.53813,0.8804,0.47517,0.01369,0,0.00882718,0.00294239,0.00882718,0.00294239,0.00882718,0.00294239,0.00882718,0.00294239
130,166114,0.81607,1.27058,0.70715,0.01359,0.50161,0.84373,0.76943,0.86111,0.68145,0.84373,0.76943,0.86029,0.66342,0.53788,0.88034,0.47787,0.01369,0,0.0086169,0.0028723,0.0086169,0.0028723,0.0086169,0.0028723,0.0086169,0.0028723
131,167109,0.81607,1.26304,0.70553,0.01358,0.5016,0.84485,0.7683,0.86259,0.68217,0.84453,0.76844,0.86194,0.665,0.5386,0.88011,0.47798,0.0137,0,0.00840824,0.00280275,0.00840824,0.00280275,0.00840824,0.00280275,0.00840824,0.00280275
132,168102,0.81255,1.26644,0.69433,0.01356,0.49412,0.84172,0.7671,0.85876,0.68251,0.84172,0.7671,0.85802,0.66382,0.53833,0.8801,0.48054,0.0137,0,0.00820124,0.00273375,0.00820124,0.00273375,0.00820124,0.00273375,0.00820124,0.00273375
133,169096,0.80649,1.25525,0.68984,0.01342,0.49173,0.83994,0.76563,0.86005,0.68444,0.84013,0.76584,0.85949,0.66409,0.5378,0.88044,0.48365,0.01368,0,0.00799596,0.00266532,0.00799596,0.00266532,0.00799596,0.00266532,0.00799596,0.00266532
134,170094,0.80921,1.25697,0.6864,0.0134,0.48573,0.83635,0.76684,0.85623,0.68203,0.83635,0.76684,0.85562,0.66111,0.53652,0.87785,0.48826,0.01361,0,0.00779244,0.00259748,0.00779244,0.00259748,0.00779244,0.00259748,0.00779244,0.00259748
135,171088,0.80574,1.24927,0.68143,0.01337,0.4781,0.8397,0.76589,0.85836,0.68279,0.8397,0.76589,0.85756,0.66266,0.53653,0.87619,0.48781,0.01361,0,0.00759073,0.00253024,0.00759073,0.00253024,0.00759073,0.00253024,0.00759073,0.00253024
136,172081,0.79945,1.24884,0.68337,0.01325,0.48163,0.77518,0.8261,0.86101,0.6831,0.77532,0.82557,0.86018,0.66335,0.53766,0.87718,0.48372,0.01363,0,0.0073909,0.00246363,0.0073909,0.00246363,0.0073909,0.00246363,0.0073909,0.00246363
137,173074,0.80049,1.24486,0.67731,0.01329,0.47069,0.82953,0.77683,0.85912,0.68073,0.82953,0.77683,0.85829,0.66225,0.53752,0.87618,0.48335,0.01363,0,0.00719297,0.00239766,0.00719297,0.00239766,0.00719297,0.00239766,0.00719297,0.00239766
138,174066,0.80028,1.24687,0.67513,0.01326,0.47477,0.8308,0.78213,0.8598,0.68377,0.8308,0.78213,0.85896,0.66276,0.53837,0.87706,0.4822,0.01365,0,0.00699701,0.00233234,0.00699701,0.00233234,0.00699701,0.00233234,0.00699701,0.00233234
139,175059,0.79477,1.23224,0.66569,0.01319,0.46089,0.82097,0.78504,0.86019,0.68471,0.82116,0.78525,0.85932,0.6626,0.53727,0.87754,0.4876,0.01362,0,0.00680306,0.00226769,0.00680306,0.00226769,0.00680306,0.00226769,0.00680306,0.00226769
140,176052,0.79067,1.23312,0.66183,0.01307,0.45909,0.82833,0.78228,0.85989,0.68492,0.82852,0.78249,0.85904,0.66296,0.53764,0.87758,0.48856,0.01363,0,0.00661117,0.00220372,0.00661117,0.00220372,0.00661117,0.00220372,0.00661117,0.00220372
141,177053,0.78565,1.2273,0.66465,0.01297,0.45498,0.78952,0.81692,0.86126,0.68584,0.78872,0.81552,0.86034,0.66687,0.53784,0.87528,0.49376,0.01363,0,0.00642139,0.00214046,0.00642139,0.00214046,0.00642139,0.00214046,0.00642139,0.00214046
142,178054,0.79029,1.23297,0.66882,0.01308,0.45734,0.83282,0.77911,0.86117,0.68701,0.833,0.77933,0.8603,0.667,0.53786,0.87564,0.49192,0.01362,0,0.00623376,0.00207792,0.00623376,0.00207792,0.00623376,0.00207792,0.00623376,0.00207792
143,179049,0.78376,1.21843,0.6535,0.01298,0.44321,0.82915,0.77904,0.86103,0.68831,0.82934,0.77925,0.86016,0.66783,0.53806,0.87615,0.49145,0.01363,0,0.00604833,0.00201611,0.00604833,0.00201611,0.00604833,0.00201611,0.00604833,0.00201611
144,181359,0.7844,1.22035,0.65804,0.01303,0.44425,0.77848,0.82366,0.86193,0.6872,0.77745,0.82256,0.86108,0.66676,0.53808,0.87686,0.48903,0.01364,0,0.00586515,0.00195505,0.00586515,0.00195505,0.00586515,0.00195505,0.00586515,0.00195505
145,182355,0.78662,1.21719,0.6562,0.01303,0.43449,0.82604,0.77026,0.85895,0.68568,0.82643,0.77035,0.85811,0.66732,0.53778,0.877,0.49185,0.01363,0,0.00568425,0.00189475,0.00568425,0.00189475,0.00568425,0.00189475,0.00568425,0.00189475
146,183351,0.78297,1.21069,0.64686,0.01295,0.43459,0.83158,0.76932,0.866,0.69279,0.83177,0.76953,0.86521,0.67506,0.53891,0.87765,0.49184,0.01365,0,0.0055057,0.00183523,0.0055057,0.00183523,0.0055057,0.00183523,0.0055057,0.00183523
147,184347,0.77429,1.21157,0.64192,0.01273,0.43076,0.8281,0.76768,0.86098,0.68907,0.82828,0.76789,0.86023,0.67093,0.53856,0.87799,0.49307,0.01365,0,0.00532952,0.00177651,0.00532952,0.00177651,0.00532952,0.00177651,0.00532952,0.00177651
148,185345,0.77603,1.21265,0.63516,0.01279,0.42852,0.81466,0.77685,0.86077,0.69022,0.81484,0.77706,0.86006,0.67016,0.53781,0.87836,0.4948,0.01362,0,0.00515576,0.00171859,0.00515576,0.00171859,0.00515576,0.00171859,0.00515576,0.00171859
149,186342,0.7698,1.20656,0.63296,0.01268,0.42395,0.82902,0.76865,0.86102,0.69163,0.8292,0.76887,0.86028,0.66967,0.53811,0.87905,0.49572,0.01364,0,0.00498448,0.00166149,0.00498448,0.00166149,0.00498448,0.00166149,0.00498448,0.00166149
150,187341,0.76532,1.20123,0.63297,0.01254,0.41966,0.79775,0.78637,0.8573,0.69119,0.79794,0.78658,0.85664,0.67083,0.53685,0.87978,0.49716,0.0136,0,0.00481569,0.00160523,0.00481569,0.00160523,0.00481569,0.00160523,0.00481569,0.00160523
151,188340,0.76562,1.20113,0.62574,0.01254,0.41295,0.77734,0.80868,0.86156,0.69423,0.77756,0.80851,0.86087,0.67385,0.53842,0.88004,0.49623,0.01363,0,0.00464946,0.00154982,0.00464946,0.00154982,0.00464946,0.00154982,0.00464946,0.00154982
152,189336,0.76324,1.19489,0.6217,0.01251,0.40996,0.77665,0.80808,0.86175,0.69385,0.78155,0.80757,0.86109,0.67355,0.53829,0.88067,0.49968,0.01363,0,0.00448582,0.00149527,0.00448582,0.00149527,0.00448582,0.00149527,0.00448582,0.00149527
153,190336,0.76815,1.20679,0.6246,0.0126,0.41784,0.80564,0.78635,0.86295,0.69446,0.80583,0.78656,0.86232,0.67099,0.53835,0.8812,0.49832,0.01363,0,0.00432482,0.00144161,0.00432482,0.00144161,0.00432482,0.00144161,0.00432482,0.00144161
154,191335,0.75887,1.19578,0.61666,0.01243,0.40916,0.79323,0.81452,0.86376,0.697,0.79342,0.81473,0.86308,0.67422,0.53794,0.88179,0.49781,0.01363,0,0.00416648,0.00138883,0.00416648,0.00138883,0.00416648,0.00138883,0.00416648,0.00138883
155,192330,0.75949,1.18931,0.61169,0.01242,0.40058,0.79141,0.80715,0.86121,0.69656,0.79159,0.80737,0.86052,0.67399,0.53701,0.8821,0.50022,0.0136,0,0.00401085,0.00133695,0.00401085,0.00133695,0.00401085,0.00133695,0.00401085,0.00133695
156,193323,0.75007,1.18436,0.61228,0.01227,0.39878,0.79486,0.80457,0.86204,0.69863,0.79505,0.80478,0.86136,0.67483,0.53945,0.88153,0.4983,0.01369,0,0.00385797,0.00128599,0.00385797,0.00128599,0.00385797,0.00128599,0.00385797,0.00128599
157,194315,0.75971,1.19363,0.61402,0.01239,0.39707,0.80116,0.79539,0.86116,0.69993,0.80134,0.7956,0.86049,0.67593,0.54033,0.88222,0.50069,0.01371,0,0.00370788,0.00123596,0.00370788,0.00123596,0.00370788,0.00123596,0.00370788,0.00123596
158,195311,0.75409,1.18524,0.6094,0.01235,0.3907,0.81529,0.78692,0.86273,0.70038,0.81547,0.78713,0.86204,0.67632,0.53864,0.88282,0.5041,0.01365,0,0.00356061,0.00118687,0.00356061,0.00118687,0.00356061,0.00118687,0.00356061,0.00118687
159,196306,0.75242,1.18036,0.60356,0.01232,0.38769,0.81576,0.78469,0.86657,0.70634,0.81594,0.7849,0.86593,0.67903,0.53809,0.88436,0.51001,0.01362,0,0.0034162,0.00113873,0.0034162,0.00113873,0.0034162,0.00113873,0.0034162,0.00113873
160,197301,0.74779,1.17336,0.60047,0.01225,0.38734,0.84793,0.77678,0.86262,0.70295,0.84812,0.77699,0.86206,0.67394,0.53741,0.88463,0.51166,0.01359,0,0.00327468,0.00109156,0.00327468,0.00109156,0.00327468,0.00109156,0.00327468,0.00109156
161,198293,0.74459,1.16122,0.59032,0.01219,0.37724,0.84012,0.77834,0.86074,0.70198,0.8403,0.77855,0.86013,0.67289,0.53907,0.88399,0.51185,0.01367,0,0.0031361,0.00104537,0.0031361,0.00104537,0.0031361,0.00104537,0.0031361,0.00104537
162,199285,0.74262,1.16544,0.59573,0.01216,0.37879,0.83179,0.78029,0.86146,0.70224,0.83198,0.78051,0.86086,0.67248,0.53949,0.88189,0.51231,0.01366,0,0.00300048,0.00100016,0.00300048,0.00100016,0.00300048,0.00100016,0.00300048,0.00100016
163,200276,0.73928,1.16324,0.58817,0.01209,0.37334,0.83574,0.78113,0.86135,0.7009,0.83593,0.78134,0.86074,0.67376,0.53903,0.88265,0.51346,0.01365,0,0.00286785,0.000955951,0.00286785,0.000955951,0.00286785,0.000955951,0.00286785,0.000955951
164,201268,0.73676,1.16141,0.58743,0.01206,0.37237,0.82796,0.78418,0.86405,0.70054,0.82815,0.78439,0.86341,0.67364,0.53828,0.88303,0.51576,0.01362,0,0.00273826,0.000912754,0.00273826,0.000912754,0.00273826,0.000912754,0.00273826,0.000912754
165,202263,0.73101,1.1544,0.57427,0.01189,0.36488,0.83064,0.78405,0.86515,0.703,0.83083,0.78426,0.86446,0.67472,0.53894,0.8836,0.5188,0.01363,0,0.00261173,0.000870577,0.00261173,0.000870577,0.00261173,0.000870577,0.00261173,0.000870577
166,203256,0.7343,1.16187,0.58303,0.01195,0.36571,0.83649,0.78409,0.86409,0.70371,0.83668,0.78431,0.86342,0.67483,0.53813,0.8838,0.52113,0.0136,0,0.00248829,0.000829431,0.00248829,0.000829431,0.00248829,0.000829431,0.00248829,0.000829431
167,204247,0.73448,1.15315,0.58005,0.012,0.36371,0.83799,0.78487,0.86652,0.70804,0.83818,0.78508,0.86586,0.67705,0.53758,0.88443,0.51821,0.01358,0,0.00236798,0.000789327,0.00236798,0.000789327,0.00236798,0.000789327,0.00236798,0.000789327
168,205239,0.73561,1.16041,0.5847,0.01202,0.3668,0.83012,0.7865,0.86651,0.7086,0.83031,0.78672,0.86585,0.67865,0.5382,0.88536,0.51873,0.0136,0,0.00225082,0.000750274,0.00225082,0.000750274,0.00225082,0.000750274,0.00225082,0.000750274
169,206230,0.73109,1.15018,0.57189,0.01194,0.35583,0.83128,0.78658,0.8618,0.70339,0.83147,0.78679,0.86111,0.67477,0.5364,0.88809,0.52416,0.01356,0,0.00213685,0.000712282,0.00213685,0.000712282,0.00213685,0.000712282,0.00213685,0.000712282
170,207223,0.72772,1.15042,0.57576,0.01188,0.35499,0.84413,0.78688,0.86523,0.70897,0.84432,0.78709,0.86457,0.67974,0.53648,0.88911,0.5216,0.01356,0,0.00202608,0.00067536,0.00202608,0.00067536,0.00202608,0.00067536,0.00202608,0.00067536
171,208217,0.72496,1.14963,0.5724,0.01179,0.35211,0.83543,0.78893,0.86692,0.70829,0.83562,0.78914,0.86624,0.67964,0.53713,0.8892,0.5201,0.01357,0,0.00191855,0.000639518,0.00191855,0.000639518,0.00191855,0.000639518,0.00191855,0.000639518
172,209210,0.72502,1.14592,0.56856,0.01171,0.35005,0.83375,0.7885,0.86442,0.70447,0.83394,0.78872,0.86376,0.67562,0.53688,0.89015,0.52293,0.01356,0,0.00181429,0.000604763,0.00181429,0.000604763,0.00181429,0.000604763,0.00181429,0.000604763
173,210203,0.72197,1.14413,0.56635,0.01172,0.34567,0.83733,0.78553,0.86066,0.70408,0.83752,0.78574,0.86003,0.67498,0.53508,0.88872,0.5258,0.01352,0,0.00171332,0.000571106,0.00171332,0.000571106,0.00171332,0.000571106,0.00171332,0.000571106
174,211195,0.72284,1.14166,0.56296,0.01172,0.35223,0.83842,0.78224,0.86131,0.70499,0.83861,0.78245,0.86065,0.6773,0.53401,0.88971,0.52879,0.01349,0,0.00161566,0.000538554,0.00161566,0.000538554,0.00161566,0.000538554,0.00161566,0.000538554
175,212187,0.72251,1.14351,0.56729,0.01177,0.35,0.83743,0.77654,0.8601,0.70338,0.83762,0.77675,0.85945,0.67608,0.53364,0.89082,0.53001,0.01348,0,0.00152134,0.000507115,0.00152134,0.000507115,0.00152134,0.000507115,0.00152134,0.000507115
176,213181,0.7195,1.13933,0.56159,0.01173,0.34732,0.83328,0.78864,0.86175,0.70377,0.83481,0.79016,0.86233,0.67718,0.53391,0.89221,0.53005,0.01348,0,0.00143039,0.000476796,0.00143039,0.000476796,0.00143039,0.000476796,0.00143039,0.000476796
177,214175,0.71604,1.13795,0.56118,0.01165,0.34455,0.83646,0.78179,0.86168,0.70409,0.8381,0.78308,0.86224,0.67946,0.53251,0.89315,0.53129,0.01344,0,0.00134282,0.000447606,0.00134282,0.000447606,0.00134282,0.000447606,0.00134282,0.000447606
178,215164,0.71839,1.13916,0.55913,0.01166,0.34195,0.84278,0.77717,0.85956,0.70305,0.84445,0.77867,0.86014,0.67821,0.53209,0.89422,0.53316,0.01342,0,0.00125866,0.000419552,0.00125866,0.000419552,0.00125866,0.000419552,0.00125866,0.000419552
179,216158,0.71167,1.13127,0.55611,0.01158,0.34514,0.84605,0.7776,0.86101,0.70394,0.84783,0.77903,0.86156,0.67944,0.53166,0.89743,0.53401,0.01342,0,0.00117792,0.00039264,0.00117792,0.00039264,0.00117792,0.00039264,0.00117792,0.00039264
180,217151,0.71259,1.13567,0.55646,0.01153,0.34047,0.8407,0.77846,0.86293,0.70691,0.84228,0.77998,0.86355,0.68159,0.5306,0.89575,0.53593,0.01339,0,0.00110063,0.000366877,0.00110063,0.000366877,0.00110063,0.000366877,0.00110063,0.000366877
181,218145,0.7085,1.131,0.55351,0.01146,0.33642,0.84043,0.78141,0.86414,0.70748,0.842,0.78293,0.86472,0.68274,0.53002,0.89705,0.53539,0.01338,0,0.00102681,0.00034227,0.00102681,0.00034227,0.00102681,0.00034227,0.00102681,0.00034227
182,219137,0.70895,1.13112,0.55495,0.01147,0.33367,0.84353,0.77644,0.86502,0.70932,0.84519,0.77788,0.86564,0.68496,0.52936,0.89837,0.5362,0.01337,0,0.000956474,0.000318825,0.000956474,0.000318825,0.000956474,0.000318825,0.000956474,0.000318825
183,220135,0.71227,1.13762,0.56197,0.01156,0.34036,0.84578,0.78352,0.86579,0.71175,0.84735,0.78504,0.86641,0.68735,0.52962,0.90122,0.53222,0.01337,0,0.000889639,0.000296546,0.000889639,0.000296546,0.000889639,0.000296546,0.000889639,0.000296546
184,221127,0.71043,1.1327,0.55651,0.01151,0.33044,0.8496,0.78194,0.86156,0.70658,0.851,0.78326,0.86231,0.68154,0.52929,0.90228,0.5339,0.01335,0,0.000826322,0.000275441,0.000826322,0.000275441,0.000826322,0.000275441,0.000826322,0.000275441
185,222121,0.70846,1.13425,0.55314,0.01151,0.33325,0.85553,0.78278,0.8611,0.70666,0.85691,0.78409,0.86168,0.68473,0.5287,0.90396,0.53243,0.01333,0,0.00076654,0.000255513,0.00076654,0.000255513,0.00076654,0.000255513,0.00076654,0.000255513
186,223117,0.70613,1.12249,0.54655,0.01141,0.33428,0.85949,0.78087,0.86176,0.70713,0.86088,0.78218,0.86178,0.68413,0.52888,0.90436,0.53222,0.01333,0,0.000710307,0.000236769,0.000710307,0.000236769,0.000710307,0.000236769,0.000710307,0.000236769
187,224110,0.70542,1.12334,0.54091,0.01142,0.32601,0.85533,0.77247,0.85964,0.70621,0.8567,0.77378,0.85956,0.68438,0.52801,0.90379,0.53571,0.01331,0,0.000657636,0.000219212,0.000657636,0.000219212,0.000657636,0.000219212,0.000657636,0.000219212
188,225104,0.70376,1.12498,0.54373,0.01136,0.32888,0.85389,0.78188,0.86126,0.70804,0.85524,0.78319,0.86181,0.6861,0.53016,0.90681,0.52918,0.01335,0,0.000608541,0.000202847,0.000608541,0.000202847,0.000608541,0.000202847,0.000608541,0.000202847
189,226115,0.70523,1.12108,0.54369,0.01144,0.32535,0.9017,0.75092,0.86067,0.7081,0.90327,0.75223,0.86117,0.6868,0.52999,0.90826,0.53066,0.01336,0,0.000563034,0.000187678,0.000563034,0.000187678,0.000563034,0.000187678,0.000563034,0.000187678
190,227135,0.70612,1.12242,0.54404,0.01147,0.32962,0.85848,0.78301,0.86053,0.70796,0.85981,0.78432,0.86114,0.68639,0.52931,0.90773,0.53518,0.01334,0,0.000521127,0.000173709,0.000521127,0.000173709,0.000521127,0.000173709,0.000521127,0.000173709
191,228105,0.48767,0.76014,0.18349,0.01295,0.08098,0.85699,0.78246,0.86054,0.70806,0.85838,0.78377,0.86108,0.68536,0.53049,0.91232,0.52994,0.01335,0,0.000482828,0.000160943,0.000482828,0.000160943,0.000482828,0.000160943,0.000482828,0.000160943
192,229076,0.47128,0.73728,0.16237,0.01244,0.06542,0.85546,0.78209,0.86335,0.70933,0.85683,0.7834,0.8639,0.68565,0.5293,0.91141,0.53055,0.01334,0,0.000448149,0.000149383,0.000448149,0.000149383,0.000448149,0.000149383,0.000448149,0.000149383
193,230049,0.46398,0.72898,0.15741,0.01221,0.06078,0.90934,0.7473,0.86296,0.708,0.90519,0.74403,0.85646,0.68359,0.53086,0.91241,0.52718,0.01337,0,0.000417097,0.000139032,0.000417097,0.000139032,0.000417097,0.000139032,0.000417097,0.000139032
194,231020,0.46048,0.72617,0.15161,0.01212,0.05908,0.90691,0.74815,0.86625,0.71073,0.90258,0.745,0.85974,0.6863,0.53106,0.91374,0.52766,0.01337,0,0.00038968,0.000129893,0.00038968,0.000129893,0.00038968,0.000129893,0.00038968,0.000129893
195,231991,0.45511,0.72287,0.15054,0.01192,0.0576,0.90617,0.74818,0.86429,0.70845,0.90778,0.74949,0.86441,0.68602,0.53154,0.91674,0.52538,0.01339,0,0.000365905,0.000121968,0.000365905,0.000121968,0.000365905,0.000121968,0.000365905,0.000121968
196,232968,0.45451,0.71979,0.15107,0.0119,0.0582,0.85975,0.77884,0.86308,0.70752,0.86114,0.78015,0.86312,0.68496,0.53129,0.91836,0.52948,0.01338,0,0.000345778,0.000115259,0.000345778,0.000115259,0.000345778,0.000115259,0.000345778,0.000115259
197,233942,0.4536,0.71999,0.14757,0.01183,0.05745,0.90725,0.75001,0.86366,0.70785,0.90302,0.74674,0.85674,0.68372,0.53079,0.92239,0.52713,0.01337,0,0.000329303,0.000109768,0.000329303,0.000109768,0.000329303,0.000109768,0.000329303,0.000109768
198,234918,0.45027,0.71777,0.14666,0.01177,0.056,0.85865,0.78029,0.86365,0.70793,0.85428,0.77714,0.85723,0.68471,0.53113,0.92411,0.52842,0.01337,0,0.000316485,0.000105495,0.000316485,0.000105495,0.000316485,0.000105495,0.000316485,0.000105495
199,235890,0.44711,0.71419,0.14571,0.01167,0.05575,0.85858,0.77915,0.86447,0.70905,0.85422,0.776,0.85803,0.68517,0.53074,0.92571,0.52691,0.01336,0,0.000307328,0.000102443,0.000307328,0.000102443,0.000307328,0.000102443,0.000307328,0.000102443
200,236860,0.44741,0.71471,0.14441,0.01168,0.05511,0.86244,0.78036,0.86616,0.71093,0.85837,0.77719,0.85947,0.68567,0.53047,0.92731,0.52629,0.01336,0,0.000301832,0.000100611,0.000301832,0.000100611,0.000301832,0.000100611,0.000301832,0.000100611
